alias Aaron_S._Jacobs ajacobs@stanford.edu
note Aaron_S._Jacobs <name:Aaron S. Jacobs>
alias amy smile@WPI.EDU
note amy <name:amy>
alias Amy_Bergen nitngale@channel1.com
note Amy_Bergen <name:Amy Bergen>
alias amy2 giggles@worldnet.att.net
note amy2 <name:amy2>
alias andrew marshall@BINAH.CC.BRANDEIS.EDU
note andrew <name:andrew>
alias atsuko im7a-ktok@asahi-net.or.jp
note atsuko <name:atsuko>
alias ben bdevore@bdsinc.com
note ben <name:ben>
alias bfa_Fabian bfabian@qwestinternet.net
note bfa_Fabian <name:bfa Fabian>
alias boltar 1261567@skytel.com
note boltar <name:boltar>pager
alias brian BTH98002@UCONNVM.UCONN.EDU
note brian <name:brian>
alias bym ATWOOD@groton.genphysics.com
note bym <name:bym>
alias bym2 aatwoodjr@snet.net
note bym2 <name:bym2>
alias cammie cammie@cmaster.com
note cammie <name:cammie>
alias cammie2 cammie@pcis.net
note cammie2 <name:cammie2>
alias chieko jocelyn@t3media.com
note chieko <name:chieko>
alias chris ewen@tiac.net
note chris <name:chris>
alias dad shinji-n@lab.tamagawa.ac.jp
note dad <name:dad>
alias daniel_sipes neowocket@juno.com
note daniel_sipes <name:daniel sipes>
alias dave odin@downcity.net
note dave <name:dave>
alias earl Earl_Matthews@wmg.com
note earl <name:earl>
alias earl-page 9439815@skytel.com
note earl-page <name:earl-page>
alias Eartha eartha@sinister.com
note Eartha <name:Eartha>
alias ellen esmilne@baker.cnw.com
note ellen <name:ellen>
alias ellen2 esmilne@lucidesign.com
note ellen2 <name:ellen2>
alias emily emu@stodgy.com
note emily <name:emily>
alias ems bast_22@yahoo.com
note ems <name:ems>
alias eolas eolas16@aol.com
note eolas <name:eolas>
alias gabe gkramer21@aol.com
note gabe <name:gabe>
alias geoff gzatkin@verant.com
note geoff <name:geoff>
alias geoff2 saber@ryllian.com
note geoff2 <name:geoff2>
alias Henry_Wheaton titus@calicodesign.com
note Henry_Wheaton <name:Henry Wheaton>
alias Jennifer_Alspach jalspach@usa.net
note Jennifer_Alspach <name:Jennifer Alspach>
alias Jennifer_Smith jsmith@gkboston.com
note Jennifer_Smith <name:Jennifer Smith>
alias jesse jesse@ccom.net
note jesse <name:jesse>
alias jiro j7596122@ed.noda.sut.ac.jp
note jiro <name:jiro>
alias john eye@DIN.CC.BRANDEIS.EDU
note john <name:john>
alias jon_Trudeau jptrudeau1@aol.com
note jon_Trudeau <name:jon Trudeau>
alias Joseph_Tranquillo jtranqui@duke.edu
note Joseph_Tranquillo <name:Joseph Tranquillo>
alias Justin ka1ult@channel1.com
note Justin <name:Justin>
alias Laura_Lawson lfollwer@iptelecom.net.ua
note Laura_Lawson <name:Laura Lawson>
alias mami e28751@jp.ibm.com
note mami <name:mami>
alias Matthew_Majchrzak terse_tracer@yahoo.com
note Matthew_Majchrzak <name:Matthew Majchrzak>
alias Michael_Sosnowski m.sosnowski@worldnet.att.net
note Michael_Sosnowski <name:Michael Sosnowski>
alias mom GZU00016@nifty.ne.jp
note mom <name:mom>
alias mom2 Ynaka@nikon-sys.co.jp
note mom2 <name:mom2>
alias Nicole_L._Archibald archibni@emmanuel.edu
note Nicole_L._Archibald <name:Nicole L. Archibald>
alias patty valkyrie@downcity.net
note patty <name:patty>
alias Quang quang_pho@wgbh.org
note Quang <name:Quang>
alias Steve_Sherrick sherric@chedd-angier.com
note Steve_Sherrick <name:Steve Sherrick>
alias tijger tijger.tsou@ctny.com
note tijger <name:tijger>
alias toshi tcn@monadnock.keene.edu
note toshi <name:toshi>
alias toshi_Caranam tcn@keene.edu
note toshi_Caranam <name:toshi Caranam>
alias Tsou__Tijger_(ThinAirApps) Tijger.Tsou@ThinAirApps.com
note Tsou__Tijger_(ThinAirApps) <name:Tsou, Tijger (ThinAirApps)>
alias wolf wolfe@downcity.net
note wolf <name:wolf>
alias yamanishi yamanisi@fb3.so-net.or.jp
note yamanishi <name:yamanishi>
