MELISSAM@VAX1.IIT.EDU ACK WWWWG1 NO Melissa McCall
MILLER@VAX1.IIT.EDU ACK WWWWG1 NO Michelle Miller-Brown
BPERKINS@VAX1.IIT.EDU ACK WWWWG1 NO Barbara Perkins
TRYGSTAD@CHARLIE.ACC.IIT.EDU ACK WWWWG1 NO Ray Trygstad
ROBERGE@CHARLIE.ACC.IIT.EDU ACK WWWWG1 NO Jim Roberge
PARDUE@CHARLIE.ACC.IIT.EDU ACK WWWWG1 NO Bill Pardue
WALDREP@CHARLIE.ACC.IIT.EDU ACK WWWWG NO Lee W. Waldrep
SEIZYS@CHARLIE.ACC.IIT.EDU ACK WWWWG1 NO Judith Seizys
FOX@CHARLIE.ACC.IIT.EDU ACK WWWWG1 NO Ellen Fox
ALOH@GATE.ID.IIT.EDU ACK WWWWG1 NO Aloh Friedman
FALKE@IIT.EDU ACK WWWWG1 NO Falke
KMCQUILL@KENTLAW.EDU NOACK 811129263 NO Kristen Mcquillin
DGRILLO@KENTLAW.EDU ACK WWWWG1 NO Dominick Grillo
tnewman@chicagokent.kentlaw.edu ACK WWWWG1 NO Edward Newman
pimejaeger@minna.iit.edu ACK WWWWG1 NO Bob Jaeger
IA_Shapiro@vax1.ais.iit.edu ACK WWWWG1 Jerry Shapiro
luciano@mae.iit.edu ACK WWWWG1 Ann-Margaret Luciano
chemlykos@minna.iit.edu ACK WWWWG1 Peter Lykos
IA_Tate@vax1.iit.edu ACK WWWWG1 Mary Tate
SIS_HAKIMIAN@vax1.iit.edu ACK WWWWG1 Rina Hakimian
fishman@charlie.acc.iit.edu ACK WWWWG1 Sara Fishman
shawn@charlie.iit.edu ACK WWWWG1 Shawn Carrol
whaley@charlie.iit.edu ACK WWWWG1 Marcey Whaley
newton@charlie.acc.iit.edu ACK WWWWG1 Rebecca Newton
yeunand@elof.iit.edu ACK WWWWG1 Andrew Yeun
buriarn@charlie.iit.edu ACK WWWWG1 Arnold Burian
polley@charlie.iit.edu ACK WWWWG1 Chris Polley
hopegar@elof.iit.edu ACK WWWWG1 Gary Hopewell
bonnmic@charlie.iit.edu ACK WWWWG1 Michael Bonnardel
lance@charlie.iit.edu ACK WWWWG1 Lance Larson
sheemay@minna.iit.edu ACK WWWWG1 Maya Sheely
MSC_Baker@vax1.iit.edu ACK WWWWG1 David Baker
stewart@charlie.iit.edu ACK WWWWG1 Christopher Stewart
fellman@charlie.iit.edu ACK WWWWG1 Megan Fellman
